chars,id
。,1
，,2
是,3
的,4
不,5
一,6
”,7
“,8
儿,9
动,10
了,11
个,12
就,13
说,14
有,15
人,16
在,17
e,18
口,19
o,20
总,21
我,22
离,23
字,24
a,25
这,26
！,27
？,28
上,29
i,30
大,31
他,32
来,33
为,34
后,35
r,36
到,37
中,38
也,39
n,40
子,41
要,42
小,43
出,44
s,45
t,46
国,47
被,48
家,49
会,50
么,51
l,52
还,53
没,54
生,55
点,56
时,57
年,58
们,59
地,60
多,61
你,62
下,63
二,64
好,65
开,66
三,67
用,68
都,69
发,70
可,71
但,72
*,73
得,74
车,75
过,76
能,77
方,78
和,79
分,80
对,81
天,82
p,83
行,84
之,85
成,86
以,87
看,88
d,89
现,90
着,91
如,92
、,93
公,94
自,95
于,96
手,97
很,98
十,99
法,100
去,101
本,102
面,103
c,104
老,105
里,106
心,107
称,108
事,109
某,110
y,111
她,112
两,113
警,114
u,115
机,116
打,117
A,118
五,119
前,120
起,121
零,122
经,123
学,124
S,125
当,126
吧,127
高,128
八,129
四,130
此,131
名,132
把,133
想,134
女,135
样,136
道,137
最,138
h,139
作,140
理,141
场,142
M,143
回,144
m,145
种,146
而,147
业,148
网,149
百,150
民,151
C,152
实,153
安,154
头,155
其,156
报,157
定,158
P,159
啊,160
已,161
然,162
者,163
文,164
电,165
同,166
怎,167
长,168
意,169
全,170
房,171
工,172
九,173
g,174
六,175
市,176
表,177
情,178
重,179
b,180
外,181
问,182
门,183
进,184
明,185
案,186
T,187
那,188
该,189
七,190
常,191
办,192
保,193
部,194
次,195
应,196
从,197
主,198
什,199
将,200
简,201
果,202
边,203
新,204
美,205
给,206
B,207
正,208
间,209
日,210
所,211
啦,212
体,213
因,214
比,215
力,216
路,217
无,218
D,219
L,220
只,221
F,222
并,223
话,224
走,225
友,226
内,227
钱,228
哪,229
爱,230
水,231
关,232
司,233
让,234
身,235
系,236
指,237
些,238
难,239
入,240
别,241
真,242
k,243
等,244
做,245
合,246
信,247
又,248
度,249
加,250
I,251
先,252
呢,253
平,254
张,255
产,256
数,257
花,258
更,259
目,260
何,261
金,262
性,263
写,264
价,265
己,266
认,267
查,268
O,269
住,270
才,271
活,272
接,273
调,274
呀,275
示,276
w,277
f,278
知,279
与,280
眼,281
放,282
收,283
N,284
相,285
直,286
气,287
位,288
男,289
院,290
解,291
持,292
包,293
通,294
制,295
几,296
见,297
风,298
化,299
品,300
v,301
J,302
再,303
处,304
白,305
件,306
记,307
G,308
员,309
受,310
期,311
管,312
谁,313
交,314
题,315
非,316
李,317
少,318
感,319
资,320
便,321
区,322
太,323
未,324
快,325
建,326
即,327
政,328
第,329
死,330
E,331
马,332
改,333
城,334
王,335
R,336
台,337
今,338
物,339
提,340
医,341
元,342
利,343
费,344
据,345
游,346
北,347
伤,348
代,349
标,350
火,351
孩,352
英,353
格,354
单,355
向,356
式,357
干,358
半,359
强,360
戏,361
空,362
带,363
东,364
W,365
务,366
楼,367
原,368
服,369
完,370
底,371
片,372
买,373
H,374
班,375
月,376
结,377
步,378
觉,379
程,380
款,381
计,382
吃,383
量,384
立,385
病,386
基,387
变,388
请,389
清,390
亲,391
流,392
影,393
商,394
统,395
板,396
特,397
爸,398
西,399
海,400
光,401
准,402
算,403
户,404
始,405
缩,406
万,407
联,408
听,409
号,410
乐,411
V,412
声,413
转,414
图,415
周,416
吗,417
则,418
近,419
照,420
找,421
随,422
至,423
陈,424
消,425
备,426
师,427
客,428
反,429
各,430
决,431
由,432
求,433
跟,434
思,435
选,436
K,437
战,438
息,439
线,440
条,441
送,442
导,443
视,444
规,445
告,446
任,447
容,448
首,449
类,450
村,451
落,452
叫,453
宝,454
议,455
像,456
设,457
运,458
救,459
增,460
证,461
士,462
牌,463
况,464
续,465
远,466
双,467
神,468
器,469
确,470
世,471
山,472
阿,473
展,474
书,475
南,476
跑,477
连,478
往,479
推,480
欢,481
断,482
必,483
节,484
刘,485
终,486
热,487
取,488
红,489
装,490
官,491
专,492
越,493
型,494
微,495
广,496
言,497
使,498
曾,499
赶,500
层,501
界,502
支,503
喜,504
林,505
每,506
需,507
诉,508
黄,509
帮,510
命,511
望,512
妈,513
色,514
布,515
球,516
功,517
举,518
速,519
局,520
复,521
术,522
却,523
满,524
及,525
失,526
众,527
玩,528
根,529
显,530
除,531
倒,532
教,533
败,534
婚,535
技,536
控,537
传,538
差,539
刀,540
投,541
组,542
团,543
领,544
夫,545
较,546
语,547
社,548
U,549
母,550
严,551
拿,552
酒,553
试,554
庭,555
父,556
存,557
队,558
评,559
软,560
早,561
创,562
停,563
劲,564
晚,565
哦,566
京,567
华,568
紧,569
或,570
易,571
克,572
刚,573
Y,574
属,575
论,576
企,577
科,578
项,579
脚,580
引,581
候,582
居,583
卡,584
千,585
深,586
站,587
观,588
注,589
模,590
具,591
治,592
音,593
拉,594
按,595
哈,596
疑,597
军,598
率,599
米,600
姐,601
杀,602
排,603
股,604
集,605
它,606
份,607
皮,608
州,609
营,610
斯,611
考,612
讲,613
继,614
环,615
卖,616
料,617
江,618
超,619
害,620
巴,621
药,622
获,623
室,624
养,625
错,626
造,627
弟,628
角,629
值,630
级,631
争,632
土,633
整,634
版,635
阳,636
校,637
黑,638
店,639
低,640
效,641
似,642
测,643
止,644
波,645
策,646
演,647
掉,648
德,649
待,650
博,651
留,652
飞,653
香,654
铁,655
港,656
态,657
够,658
约,659
参,660
码,661
源,662
笑,663
菜,664
套,665
险,666
背,667
形,668
访,669
票,670
许,671
逃,672
尔,673
购,674
般,675
审,676
座,677
兵,678
嘴,679
仍,680
识,681
供,682
盘,683
怕,684
毒,685
击,686
假,687
初,688
歌,689
围,690
农,691
破,692
食,693
X,694
腐,695
x,696
油,697
顺,698
察,699
银,700
执,701
致,702
饭,703
急,704
协,705
抓,706
谢,707
势,708
细,709
委,710
妹,711
久,712
精,713
绝,714
防,715
响,716
共,717
松,718
河,719
依,720
印,721
革,722
藏,723
划,724
奶,725
否,726
独,727
招,728
际,729
切,730
群,731
权,732
检,733
伴,734
血,735
罪,736
朋,737
修,738
春,739
夜,740
令,741
且,742
党,743
判,744
答,745
段,746
竟,747
块,748
烟,749
普,750
犯,751
脸,752
偷,753
亿,754
达,755
府,756
脑,757
奇,758
限,759
轻,760
闹,761
抢,762
念,763
味,764
石,765
星,766
忙,767
翻,768
妻,769
质,770
伙,771
护,772
画,773
笔,774
配,775
派,776
义,777
古,778
助,779
财,780
责,781
货,782
昨,783
置,784
坐,785
哥,786
希,787
究,788
幅,789
冷,790
律,791
采,792
施,793
景,794
亮,795
升,796
亚,797
追,798
退,799
免,800
唱,801
短,802
谈,803
列,804
武,805
衣,806
摆,807
孙,808
突,809
福,810
杨,811
租,812
均,813
育,814
靠,815
惊,816
足,817
补,818
汽,819
敢,820
纷,821
青,822
罗,823
拆,824
冲,825
兴,826
拍,827
仅,828
象,829
您,830
另,831
承,832
择,833
刷,834
牛,835
频,836
亡,837
遇,838
韩,839
络,840
尽,841
优,842
换,843
困,844
富,845
挺,846
健,847
历,848
幸,849
介,850
涨,851
降,852
坚,853
毛,854
压,855
龙,856
云,857
范,858
序,859
索,860
腿,861
乎,862
园,863
词,864
露,865
志,866
Q,867
嫌,868
移,869
密,870
暴,871
键,872
担,873
辆,874
永,875
益,876
素,877
故,878
左,879
窗,880
县,881
播,882
监,883
礼,884
硬,885
睡,886
批,887
职,888
签,889
街,890
习,891
婆,892
卫,893
托,894
济,895
载,896
融,897
极,898
遭,899
魔,900
Z,901
愿,902
构,903
枪,904
闻,905
树,906
负,907
境,908
跳,909
夏,910
避,911
预,912
吴,913
登,914
休,915
误,916
岁,917
暗,918
域,919
肯,920
呼,921
损,922
粉,923
钟,924
读,925
架,926
临,927
餐,928
盖,929
航,930
缺,931
右,932
余,933
馆,934
狗,935
穿,936
状,937
喝,938
慢,939
冰,940
旁,941
苦,942
端,943
雨,944
省,945
互,946
掌,947
怪,948
鞋,949
贴,950
稿,951
须,952
弹,953
剧,954
乱,955
圈,956
编,957
梦,958
顶,959
善,960
曲,961
搞,962
啥,963
操,964
透,965
宜,966
震,967
针,968
床,969
镇,970
副,971
雪,972
蛋,973
毕,974
屋,975
勇,976
田,977
顿,978
搬,979
媒,980
史,981
堂,982
旅,983
姓,984
偏,985
瓜,986
草,987
醒,988
骨,989
骗,990
额,991
牙,992
猜,993
墙,994
爷,995
肉,996
尼,997
捕,998
验,999
耳,1000
湾,1001
午,1002
抱,1003
欧,1004
售,1005
恶,1006
稳,1007
妇,1008
坏,1009
织,1010
胡,1011
累,1012
贵,1013
邻,1014
积,1015
刑,1016
尚,1017
凶,1018
跌,1019
迷,1020
拒,1021
录,1022
哭,1023
康,1024
核,1025
拜,1026
丈,1027
秋,1028
遍,1029
静,1030
怀,1031
染,1032
询,1033
胜,1034
搭,1035
窝,1036
麻,1037
币,1038
鱼,1039
伟,1040
顾,1041
截,1042
绑,1043
驾,1044
残,1045
销,1046
挂,1047
闲,1048
挑,1049
躲,1050
维,1051
绕,1052
杂,1053
句,1054
丽,1055
抽,1056
抗,1057
违,1058
灯,1059
遗,1060
封,1061
痛,1062
朝,1063
述,1064
占,1065
付,1066
猫,1067
骂,1068
斌,1069
研,1070
喊,1071
傅,1072
寻,1073
智,1074
庆,1075
充,1076
咬,1077
摇,1078
折,1079
俩,1080
拼,1081
纸,1082
虽,1083
叶,1084
宣,1085
岸,1086
轮,1087
洲,1088
灵,1089
赛,1090
威,1091
宁,1092
撒,1093
秀,1094
丁,1095
沙,1096
锁,1097
隔,1098
储,1099
散,1100
宅,1101
适,1102
j,1103
略,1104
拥,1105
斗,1106
努,1107
爆,1108
奔,1109
狂,1110
楚,1111
予,1112
熟,1113
峰,1114
豪,1115
席,1116
摩,1117
私,1118
绿,1119
郭,1120
堵,1121
罚,1122
卷,1123
探,1124
温,1125
央,1126
闭,1127
涉,1128
兽,1129
债,1130
泪,1131
浪,1132
冒,1133
漫,1134
奖,1135
咋,1136
巨,1137
苏,1138
迅,1139
绍,1140
童,1141
患,1142
彩,1143
娘,1144
材,1145
雷,1146
傻,1147
唐,1148
乘,1149
拐,1150
鉴,1151
讨,1152
例,1153
贷,1154
舍,1155
鸡,1156
扣,1157
附,1158
碎,1159
竞,1160
阻,1161
奥,1162
玉,1163
霸,1164
释,1165
输,1166
忍,1167
挨,1168
摊,1169
减,1170
既,1171
拨,1172
障,1173
账,1174
默,1175
茶,1176
烈,1177
悔,1178
迹,1179
巧,1180
甚,1181
菲,1182
译,1183
吐,1184
汉,1185
弄,1186
税,1187
宾,1188
姑,1189
尸,1190
兰,1191
激,1192
烧,1193
暖,1194
危,1195
赔,1196
猛,1197
良,1198
擦,1199
厕,1200
徒,1201
宽,1202
君,1203
纠,1204
聊,1205
丢,1206
袋,1207
扩,1208
概,1209
恋,1210
库,1211
族,1212
拟,1213
剩,1214
撞,1215
吸,1216
含,1217
页,1218
逼,1219
吓,1220
洞,1221
柏,1222
丰,1223
劝,1224
估,1225
懂,1226
鼻,1227
射,1228
蓝,1229
豆,1230
著,1231
途,1232
邦,1233
纳,1234
箱,1235
吵,1236
洋,1237
幕,1238
归,1239
讯,1240
乡,1241
冬,1242
洗,1243
娃,1244
诊,1245
迎,1246
异,1247
唯,1248
守,1249
延,1250
桥,1251
诺,1252
趁,1253
雄,1254
刻,1255
杆,1256
倍,1257
闷,1258
症,1259
弱,1260
酸,1261
镜,1262
辑,1263
疼,1264
摸,1265
末,1266
谷,1267
纪,1268
榜,1269
蔡,1270
若,1271
惨,1272
曹,1273
帖,1274
隐,1275
盛,1276
返,1277
梅,1278
潮,1279
虑,1280
敏,1281
雅,1282
阵,1283
徐,1284
坦,1285
征,1286
溜,1287
虎,1288
刺,1289
芳,1290
船,1291
练,1292
贸,1293
束,1294
扬,1295
昌,1296
偿,1297
借,1298
木,1299
陆,1300
贪,1301
厂,1302
洪,1303
梁,1304
混,1305
辞,1306
伯,1307
趣,1308
兄,1309
禁,1310
挡,1311
赵,1312
弃,1313
圆,1314
熊,1315
凑,1316
触,1317
墓,1318
启,1319
汇,1320
腾,1321
杰,1322
q,1323
锋,1324
沉,1325
盟,1326
拔,1327
恨,1328
驶,1329
鼓,1330
猴,1331
叔,1332
煤,1333
符,1334
旗,1335
碰,1336
挖,1337
胖,1338
潜,1339
聚,1340
妥,1341
劳,1342
仁,1343
谓,1344
泡,1345
尖,1346
澳,1347
野,1348
疗,1349
骑,1350
漂,1351
孔,1352
晓,1353
扑,1354
猪,1355
苗,1356
扎,1357
吹,1358
屏,1359
董,1360
娱,1361
润,1362
析,1363
恐,1364
邮,1365
旦,1366
鸟,1367
毁,1368
裤,1369
焦,1370
插,1371
钢,1372
陷,1373
秘,1374
柳,1375
裂,1376
侦,1377
谱,1378
缓,1379
筑,1380
堆,1381
攻,1382
奈,1383
仪,1384
脏,1385
凯,1386
尾,1387
旧,1388
链,1389
援,1390
典,1391
盾,1392
鲜,1393
薄,1394
邓,1395
申,1396
塔,1397
纯,1398
岛,1399
匪,1400
逐,1401
摔,1402
迁,1403
虚,1404
剪,1405
桌,1406
括,1407
痕,1408
凉,1409
矛,1410
鬼,1411
叹,1412
净,1413
赖,1414
埋,1415
泛,1416
森,1417
瑞,1418
砸,1419
忘,1420
享,1421
脱,1422
侧,1423
绩,1424
桑,1425
胶,1426
泰,1427
闪,1428
躺,1429
勒,1430
凤,1431
恢,1432
郑,1433
悬,1434
皇,1435
搜,1436
池,1437
塞,1438
夺,1439
丝,1440
瘦,1441
绳,1442
瓶,1443
迟,1444
览,1445
串,1446
苍,1447
丧,1448
替,1449
婴,1450
劫,1451
坑,1452
帅,1453
距,1454
碍,1455
季,1456
阶,1457
滋,1458
艇,1459
呐,1460
筹,1461
缘,1462
肥,1463
乖,1464
艾,1465
慌,1466
湖,1467
章,1468
俗,1469
眠,1470
斑,1471
冤,1472
狼,1473
滑,1474
允,1475
凡,1476
亏,1477
固,1478
荣,1479
胆,1480
佳,1481
暂,1482
赚,1483
跨,1484
嘛,1485
俄,1486
灭,1487
涂,1488
赞,1489
奸,1490
莫,1491
悲,1492
贝,1493
川,1494
饼,1495
振,1496
哟,1497
睛,1498
赃,1499
惜,1500
敲,1501
废,1502
烦,1503
朱,1504
弯,1505
欲,1506
佛,1507
舌,1508
灾,1509
抵,1510
愣,1511
z,1512
督,1513
堡,1514
诚,1515
纽,1516
础,1517
沟,1518
爽,1519
盗,1520
扮,1521
艺,1522
握,1523
帽,1524
咱,1525
揭,1526
赢,1527
戴,1528
侃,1529
详,1530
扰,1531
幼,1532
伦,1533
纹,1534
梯,1535
咨,1536
伸,1537
棍,1538
污,1539
浓,1540
扭,1541
嘉,1542
拘,1543
悉,1544
综,1545
颇,1546
饱,1547
疯,1548
横,1549
栏,1550
陪,1551
厅,1552
措,1553
喷,1554
甲,1555
罐,1556
伍,1557
齐,1558
郁,1559
尝,1560
剑,1561
盒,1562
址,1563
训,1564
挣,1565
狱,1566
缴,1567
晨,1568
亦,1569
丹,1570
坛,1571
朵,1572
龄,1573
臭,1574
蒙,1575
丑,1576
耍,1577
泄,1578
渐,1579
腰,1580
励,1581
脖,1582
缠,1583
昏,1584
呆,1585
苹,1586
漏,1587
滚,1588
墨,1589
趟,1590
厚,1591
壁,1592
晕,1593
荒,1594
轨,1595
晒,1596
逆,1597
遂,1598
棒,1599
逛,1600
瞬,1601
甩,1602
胎,1603
砍,1604
钻,1605
呗,1606
燕,1607
肠,1608
幺,1609
谎,1610
杜,1611
戳,1612
迪,1613
涛,1614
阴,1615
舰,1616
惯,1617
垫,1618
抄,1619
迫,1620
肚,1621
萨,1622
祝,1623
欣,1624
槽,1625
愁,1626
磨,1627
浏,1628
冯,1629
坠,1630
惠,1631
尊,1632
锅,1633
淘,1634
埃,1635
怒,1636
熬,1637
拖,1638
仔,1639
歉,1640
堪,1641
粗,1642
缝,1643
摄,1644
授,1645
递,1646
尤,1647
宏,1648
贼,1649
坎,1650
肃,1651
臂,1652
貌,1653
爬,1654
尿,1655
踪,1656
泥,1657
炮,1658
铺,1659
档,1660
忽,1661
袭,1662
姚,1663
宫,1664
妙,1665
彬,1666
犬,1667
炸,1668
烤,1669
促,1670
夸,1671
桃,1672
彻,1673
砖,1674
硕,1675
贩,1676
戒,1677
液,1678
灿,1679
扫,1680
珍,1681
洁,1682
蛇,1683
孕,1684
黎,1685
井,1686
忆,1687
宿,1688
辉,1689
扔,1690
鼠,1691
愤,1692
筋,1693
胸,1694
肩,1695
崇,1696
挪,1697
抬,1698
仓,1699
舞,1700
尺,1701
渠,1702
纵,1703
曼,1704
抚,1705
厉,1706
拎,1707
獒,1708
愈,1709
倡,1710
媳,1711
玲,1712
恼,1713
穷,1714
夹,1715
哀,1716
辈,1717
偶,1718
俊,1719
寒,1720
嗓,1721
滨,1722
晃,1723
饮,1724
扶,1725
疾,1726
册,1727
泽,1728
秒,1729
辨,1730
竿,1731
吕,1732
碗,1733
鲁,1734
虫,1735
垮,1736
忧,1737
圣,1738
撤,1739
侵,1740
沈,1741
填,1742
稀,1743
耐,1744
桶,1745
赌,1746
爹,1747
捧,1748
怨,1749
奋,1750
悄,1751
捡,1752
巡,1753
烂,1754
圾,1755
贤,1756
宇,1757
戚,1758
吞,1759
宋,1760
课,1761
欠,1762
奏,1763
牵,1764
蒋,1765
牢,1766
吉,1767
蒜,1768
甜,1769
犹,1770
垃,1771
呵,1772
芝,1773
汤,1774
虐,1775
棉,1776
拦,1777
奢,1778
恩,1779
兜,1780
坤,1781
坊,1782
帝,1783
壳,1784
稍,1785
捷,1786
膀,1787
魅,1788
贫,1789
捞,1790
框,1791
腕,1792
驱,1793
悦,1794
诞,1795
袖,1796
俱,1797
撑,1798
塑,1799
蛮,1800
兼,1801
珠,1802
阅,1803
拳,1804
癌,1805
衡,1806
糖,1807
屁,1808
蜜,1809
祖,1810
炉,1811
脆,1812
冻,1813
逗,1814
攀,1815
宠,1816
寡,1817
璃,1818
寄,1819
辛,1820
券,1821
枝,1822
贬,1823
汪,1824
抠,1825
凌,1826
诈,1827
褂,1828
聪,1829
荡,1830
矮,1831
函,1832
霞,1833
厨,1834
尘,1835
杯,1836
娟,1837
薪,1838
罢,1839
培,1840
仿,1841
孟,1842
裸,1843
艳,1844
裁,1845
枣,1846
垄,1847
杭,1848
闯,1849
葛,1850
谋,1851
订,1852
壤,1853
携,1854
骤,1855
祥,1856
撕,1857
悠,1858
诸,1859
醉,1860
茬,1861
滴,1862
剖,1863
饰,1864
捆,1865
摁,1866
歹,1867
畅,1868
矿,1869
瘾,1870
乔,1871
崩,1872
荷,1873
彭,1874
庄,1875
巾,1876
蒲,1877
绪,1878
鸣,1879
宴,1880
洛,1881
柴,1882
坝,1883
碟,1884
掩,1885
捐,1886
筒,1887
飙,1888
羊,1889
窃,1890
繁,1891
鼎,1892
曝,1893
侄,1894
唤,1895
耗,1896
胞,1897
扇,1898
膜,1899
盆,1900
炒,1901
番,1902
荐,1903
邀,1904
酷,1905
廖,1906
乏,1907
乙,1908
钓,1909
颤,1910
圳,1911
冠,1912
玻,1913
挥,1914
瓦,1915
扒,1916
塌,1917
抹,1918
渣,1919
郝,1920
届,1921
篮,1922
竹,1923
催,1924
泉,1925
傲,1926
植,1927
辣,1928
舒,1929
押,1930
浮,1931
献,1932
贺,1933
颠,1934
篇,1935
赫,1936
眉,1937
厢,1938
郎,1939
瘫,1940
敞,1941
姥,1942
叮,1943
崖,1944
椅,1945
赏,1946
囊,1947
蟹,1948
葱,1949
柜,1950
伞,1951
割,1952
萍,1953
趋,1954
劣,1955
肿,1956
爪,1957
尴,1958
憋,1959
昂,1960
耀,1961
齿,1962
殴,1963
映,1964
窜,1965
疫,1966
熙,1967
逝,1968
扯,1969
薇,1970
妨,1971
汗,1972
卧,1973
灶,1974
淡,1975
揣,1976
嫂,1977
敬,1978
尬,1979
斜,1980
斤,1981
墩,1982
慰,1983
",",1984
崔,1985
辩,1986
姜,1987
醋,1988
聘,1989
慧,1990
莎,1991
鸭,1992
敌,1993
逢,1994
垂,1995
卓,1996
坡,1997
伏,1998
笼,1999
窍,2000
惹,2001
歧,2002
贿,2003
钉,2004
仰,2005
朗,2006
攒,2007
遵,2008
铃,2009
茫,2010
舆,2011
删,2012
署,2013
淹,2014
肝,2015
颁,2016
敦,2017
寺,2018
莉,2019
雕,2020
铜,2021
锤,2022
踹,2023
召,2024
丛,2025
蝇,2026
呈,2027
逸,2028
赠,2029
霆,2030
磊,2031
勉,2032
菊,2033
搏,2034
毫,2035
殊,2036
糊,2037
挤,2038
逮,2039
赴,2040
沾,2041
痒,2042
循,2043
壮,2044
坟,2045
帘,2046
汰,2047
玛,2048
祸,2049
孤,2050
滩,2051
龚,2052
殿,2053
侯,2054
廉,2055
添,2056
秦,2057
茂,2058
踏,2059
抖,2060
陵,2061
卸,2062
胳,2063
麦,2064
拓,2065
伪,2066
皆,2067
陶,2068
虾,2069
檐,2070
汁,2071
蠢,2072
沿,2073
窄,2074
婷,2075
匿,2076
袍,2077
拽,2078
塘,2079
魂,2080
扁,2081
邹,2082
氏,2083
渔,2084
岳,2085
膊,2086
哄,2087
浙,2088
湿,2089
伊,2090
燃,2091
莲,2092
徽,2093
涵,2094
舱,2095
秤,2096
轰,2097
炎,2098
舅,2099
灰,2100
抛,2101
刊,2102
岗,2103
鹏,2104
晶,2105
吭,2106
欺,2107
脉,2108
勤,2109
狠,2110
惕,2111
淫,2112
藉,2113
驴,2114
蹲,2115
踢,2116
邪,2117
姨,2118
氧,2119
绒,2120
啃,2121
篱,2122
旺,2123
覆,2124
翔,2125
瓤,2126
槛,2127
橡,2128
葬,2129
豁,2130
颜,2131
逻,2132
峻,2133
募,2134
揽,2135
雏,2136
瞎,2137
罩,2138
堤,2139
芽,2140
颈,2141
粮,2142
描,2143
娜,2144
袜,2145
虹,2146
阮,2147
澡,2148
兑,2149
妆,2150
嗝,2151
乳,2152
呛,2153
翠,2154
馅,2155
纱,2156
奉,2157
桂,2158
蝈,2159
焚,2160
呕,2161
庙,2162
娇,2163
谣,2164
钞,2165
叙,2166
辅,2167
谅,2168
屡,2169
轴,2170
拾,2171
雾,2172
芬,2173
倌,2174
哨,2175
恰,2176
讽,2177
喘,2178
弦,2179
轿,2180
咽,2181
卢,2182
迭,2183
叉,2184
剥,2185
遣,2186
迈,2187
跪,2188
诗,2189
砂,2190
慎,2191
骄,2192
婿,2193
滞,2194
盅,2195
渡,2196
盯,2197
琴,2198
萧,2199
溃,2200
枉,2201
饶,2202
闸,2203
氛,2204
逞,2205
嫁,2206
兔,2207
沃,2208
芭,2209
杠,2210
遥,2211
疲,2212
勿,2213
驳,2214
《,2215
辗,2216
勺,2217
径,2218
倾,2219
滥,2220
趴,2221
聂,2222
缉,2223
恒,2224
屠,2225
顽,2226
辱,2227
肖,2228
蛐,2229
傍,2230
彤,2231
罕,2232
睹,2233
宰,2234
》,2235
咪,2236
逊,2237
歪,2238
役,2239
柱,2240
厦,2241
猝,2242
骚,2243
秩,2244
僵,2245
隆,2246
跃,2247
祈,2248
昆,2249
倪,2250
佩,2251
霍,2252
勘,2253
蜂,2254
晰,2255
掏,2256
坷,2257
绣,2258
霉,2259
株,2260
忠,2261
酬,2262
伐,2263
兆,2264
彼,2265
赋,2266
蓄,2267
咖,2268
仗,2269
凭,2270
擎,2271
陕,2272
皱,2273
瞧,2274
沦,2275
慈,2276
羽,2277
棋,2278
歇,2279
翅,2280
婶,2281
誓,2282
杏,2283
妞,2284
卵,2285
莹,2286
槌,2287
籍,2288
饿,2289
磁,2290
悟,2291
葡,2292
囚,2293
浩,2294
墅,2295
掀,2296
庸,2297
襟,2298
耕,2299
锯,2300
诀,2301
栋,2302
肇,2303
髓,2304
矩,2305
搁,2306
幻,2307
盈,2308
肢,2309
葩,2310
咳,2311
浑,2312
羞,2313
捉,2314
愧,2315
袁,2316
紫,2317
俺,2318
凳,2319
慕,2320
夯,2321
锦,2322
遮,2323
瓷,2324
匆,2325
曙,2326
榆,2327
吁,2328
宗,2329
蚕,2330
耿,2331
械,2332
奴,2333
肺,2334
谜,2335
谭,2336
盼,2337
豹,2338
喉,2339
弊,2340
啡,2341
梨,2342
嫖,2343
氢,2344
冀,2345
匹,2346
冉,2347
碾,2348
践,2349
甥,2350
盲,2351
绵,2352
氯,2353
炼,2354
匡,2355
腔,2356
誉,2357
乃,2358
猕,2359
氨,2360
蹦,2361
栅,2362
茅,2363
涌,2364
瞄,2365
洒,2366
饺,2367
踩,2368
菌,2369
怜,2370
怖,2371
萄,2372
丸,2373
寸,2374
抑,2375
嘻,2376
蜀,2377
贾,2378
睁,2379
惑,2380
辖,2381
讳,2382
旭,2383
惩,2384
丙,2385
脾,2386
仇,2387
泊,2388
粒,2389
稻,2390
辍,2391
剃,2392
卦,2393
赂,2394
巢,2395
躁,2396
寓,2397
褒,2398
怡,2399
暧,2400
亭,2401
贡,2402
辰,2403
褥,2404
彦,2405
潭,2406
侈,2407
锻,2408
疮,2409
蹄,2410
辟,2411
琳,2412
孽,2413
睐,2414
挎,2415
勾,2416
柔,2417
裕,2418
憾,2419
勃,2420
溺,2421
粹,2422
岭,2423
咂,2424
卜,2425
舟,2426
哽,2427
抉,2428
痰,2429
仙,2430
沫,2431
豫,2432
颅,2433
喇,2434
胃,2435
岔,2436
揪,2437
磕,2438
瞒,2439
泳,2440
椒,2441
衷,2442
凰,2443
泣,2444
朴,2445
藕,2446
萝,2447
诱,2448
坪,2449
瓣,2450
烯,2451
衩,2452
娓,2453
溢,2454
穆,2455
箭,2456
霾,2457
攘,2458
耸,2459
谨,2460
哑,2461
煎,2462
邸,2463
尹,2464
肘,2465
刃,2466
掰,2467
蔽,2468
牧,2469
暑,2470
孝,2471
腺,2472
俏,2473
瘤,2474
辽,2475
姻,2476
仕,2477
削,2478
愉,2479
萌,2480
叛,2481
乍,2482
淤,2483
哲,2484
沧,2485
脊,2486
衰,2487
捂,2488
摘,2489
匕,2490
糟,2491
鬓,2492
咙,2493
禅,2494
惧,2495
阁,2496
脐,2497
裹,2498
吨,2499
撇,2500
荆,2501
绢,2502
飘,2503
蓓,2504
葵,2505
浸,2506
祷,2507
萱,2508
挫,2509
贯,2510
遛,2511
幽,2512
弥,2513
叭,2514
锡,2515
羡,2516
韦,2517
澄,2518
疤,2519
荫,2520
浅,2521
苯,2522
锣,2523
薛,2524
阔,2525
葫,2526
鞭,2527
凝,2528
肤,2529
寝,2530
魏,2531
炫,2532
搀,2533
呱,2534
妮,2535
帐,2536
艰,2537
津,2538
寨,2539
姆,2540
蓉,2541
梢,2542
撰,2543
刹,2544
履,2545
岂,2546
睬,2547
烫,2548
芦,2549
俭,2550
腊,2551
忏,2552
厌,2553
谍,2554
谴,2555
猎,2556
饥,2557
姿,2558
绰,2559
窑,2560
喻,2561
侣,2562
洼,2563
赤,2564
吼,2565
嘲,2566
锂,2567
筐,2568
闵,2569
唏,2570
楠,2571
揍,2572
钥,2573
湘,2574
魁,2575
耻,2576
伶,2577
峡,2578
妒,2579
鳌,2580
嵌,2581
枕,2582
脯,2583
闺,2584
荏,2585
酶,2586
陋,2587
琦,2588
涝,2589
岑,2590
呜,2591
糕,2592
酚,2593
妖,2594
旮,2595
衫,2596
鸿,2597
屉,2598
忑,2599
绸,2600
澈,2601
椎,2602
苒,2603
盂,2604
窘,2605
晴,2606
酱,2607
僧,2608
掳,2609
缀,2610
拱,2611
狮,2612
酣,2613
脂,2614
岩,2615
驻,2616
胀,2617
栖,2618
掘,2619
涯,2620
嵩,2621
巩,2622
斥,2623
翼,2624
谦,2625
庇,2626
巷,2627
疏,2628
蔬,2629
腻,2630
捎,2631
箍,2632
蕉,2633
渴,2634
妄,2635
乌,2636
旋,2637
泵,2638
甫,2639
忌,2640
梗,2641
胺,2642
轩,2643
凿,2644
吊,2645
瑜,2646
厘,2647
刮,2648
栽,2649
屑,2650
奕,2651
琢,2652
浇,2653
侨,2654
侠,2655
赎,2656
拢,2657
廊,2658
霜,2659
鑫,2660
陌,2661
鹿,2662
馈,2663
嫉,2664
嘘,2665
涡,2666
锈,2667
屎,2668
蚀,2669
颖,2670
跋,2671
皂,2672
哎,2673
疆,2674
浦,2675
硫,2676
玄,2677
噬,2678
谐,2679
叠,2680
咸,2681
赘,2682
陨,2683
勋,2684
癖,2685
颗,2686
蚁,2687
谬,2688
庞,2689
藩,2690
扳,2691
莞,2692
橱,2693
詹,2694
沛,2695
斩,2696
贞,2697
睿,2698
阱,2699
灌,2700
靡,2701
祭,2702
拧,2703
壶,2704
扛,2705
宵,2706
溪,2707
桐,2708
熏,2709
柯,2710
搓,2711
绘,2712
翘,2713
茄,2714
匮,2715
踮,2716
琉,2717
胁,2718
噩,2719
恳,2720
盐,2721
鳄,2722
擅,2723
焉,2724
邢,2725
蕾,2726
窥,2727
瘌,2728
谤,2729
盹,2730
铲,2731
辫,2732
肌,2733
馒,2734
攥,2735
忐,2736
蕊,2737
鸽,2738
篓,2739
旯,2740
夕,2741
刨,2742
匙,2743
煌,2744
阄,2745
捅,2746
硅,2747
莽,2748
灏,2749
弗,2750
嗽,2751
涩,2752
颏,2753
嚼,2754
嗯,2755
淀,2756
喀,2757
懒,2758
秉,2759
龟,2760
秆,2761
梳,2762
焊,2763
氓,2764
撼,2765
媛,2766
籽,2767
亩,2768
御,2769
弓,2770
屿,2771
佐,2772
悸,2773
噢,2774
佬,2775
伺,2776
吾,2777
咄,2778
妍,2779
酯,2780
酿,2781
醇,2782
撬,2783
牲,2784
缈,2785
淆,2786
圭,2787
燧,2788
禾,2789
棚,2790
捍,2791
裙,2792
鞘,2793
衔,2794
驹,2795
吝,2796
袅,2797
蟀,2798
喃,2799
狒,2800
孰,2801
娅,2802
妾,2803
鹰,2804
惋,2805
紊,2806
篷,2807
碱,2808
遏,2809
搂,2810
磋,2811
瞪,2812
雇,2813
栓,2814
茨,2815
殖,2816
弘,2817
寞,2818
蒂,2819
聋,2820
趾,2821
乞,2822
臣,2823
炭,2824
鹊,2825
俞,2826
徘,2827
喂,2828
甄,2829
芯,2830
柚,2831
稠,2832
哇,2833
慨,2834
枯,2835
淇,2836
臀,2837
俯,2838
泱,2839
匀,2840
隶,2841
朽,2842
撸,2843
哆,2844
扈,2845
冈,2846
歼,2847
粪,2848
沪,2849
拯,2850
夷,2851
肮,2852
纲,2853
缪,2854
梭,2855
霏,2856
碑,2857
镖,2858
秸,2859
驼,2860
冽,2861
禺,2862
丘,2863
槿,2864
懑,2865
磅,2866
毙,2867
瑟,2868
靴,2869
烛,2870
粑,2871
佘,2872
芸,2873
拌,2874
戛,2875
靶,2876
嫩,2877
宛,2878
垒,2879
凹,2880
孜,2881
诽,2882
栗,2883
悍,2884
逍,2885
盎,2886
缔,2887
蹭,2888
晌,2889
茹,2890
掠,2891
愕,2892
毅,2893
凄,2894
珊,2895
嚣,2896
闫,2897
鲍,2898
贻,2899
筛,2900
嗦,2901
蟋,2902
俐,2903
樱,2904
昧,2905
戈,2906
晾,2907
驿,2908
昭,2909
俚,2910
酋,2911
挞,2912
杉,2913
屈,2914
瑕,2915
胰,2916
撮,2917
佣,2918
仨,2919
嗟,2920
瞩,2921
贱,2922
镑,2923
亵,2924
昔,2925
涕,2926
潘,2927
烘,2928
揉,2929
翁,2930
瘁,2931
黯,2932
燥,2933
绊,2934
簿,2935
钳,2936
淋,2937
晖,2938
犁,2939
皖,2940
坞,2941
泼,2942
飕,2943
帜,2944
牡,2945
骆,2946
披,2947
辄,2948
铮,2949
涓,2950
灼,2951
梧,2952
翱,2953
姊,2954
腌,2955
雀,2956
帕,2957
跄,2958
驰,2959
鹤,2960
煞,2961
乒,2962
窟,2963
殡,2964
祁,2965
唧,2966
昕,2967
兢,2968
搡,2969
蹈,2970
涿,2971
骸,2972
亟,2973
挽,2974
稼,2975
喧,2976
仆,2977
窒,2978
柬,2979
蒸,2980
坍,2981
陀,2982
仲,2983
耶,2984
懵,2985
寥,2986
碉,2987
疚,2988
谯,2989
哒,2990
噜,2991
抡,2992
乓,2993
痤,2994
肾,2995
彰,2996
撵,2997
捏,2998
墟,2999
漾,3000
裴,3001
纬,3002
忡,3003
柄,3004
矢,3005
谩,3006
蚂,3007
箕,3008
崎,3009
戊,3010
惴,3011
苑,3012
胫,3013
竺,3014
徊,3015
訾,3016
棘,3017
绯,3018
廷,3019
掐,3020
剂,3021
杖,3022
舷,3023
粥,3024
铭,3025
钝,3026
兹,3027
兮,3028
陛,3029
蔼,3030
莱,3031
嘤,3032
荧,3033
掮,3034
哺,3035
婉,3036
琼,3037
瑶,3038
挠,3039
邱,3040
佑,3041
秽,3042
眨,3043
漠,3044
霖,3045
赡,3046
髦,3047
鳖,3048
畴,3049
譬,3050
玮,3051
苟,3052
狭,3053
昊,3054
吻,3055
甘,3056
契,3057
拇,3058
妓,3059
碧,3060
郗,3061
擞,3062
腹,3063
屯,3064
郡,3065
莓,3066
樊,3067
锐,3068
辐,3069
汹,3070
螃,3071
寂,3072
诛,3073
鸦,3074
匾,3075
懈,3076
蔫,3077
砣,3078
厄,3079
饵,3080
猥,3081
啾,3082
囤,3083
祟,3084
袱,3085
畚,3086
惰,3087
钮,3088
禀,3089
蝉,3090
札,3091
蜥,3092
喽,3093
徨,3094
跺,3095
钺,3096
餮,3097
啪,3098
吏,3099
妊,3100
睫,3101
骏,3102
铅,3103
肋,3104
璨,3105
奎,3106
痪,3107
氮,3108
腈,3109
洽,3110
攸,3111
恕,3112
眶,3113
咀,3114
拮,3115
穗,3116
莆,3117
侥,3118
筲,3119
矗,3120
渺,3121
擀,3122
叱,3123
帛,3124
阎,3125
磷,3126
薹,3127
啸,3128
诅,3129
陡,3130
呷,3131
宙,3132
荔,3133
颀,3134
拭,3135
渭,3136
哼,3137
纺,3138
恺,3139
?,3140
倩,3141
牒,3142
淑,3143
缜,3144
馁,3145
烨,3146
淳,3147
婧,3148
锉,3149
圃,3150
漱,3151
巯,3152
缤,3153
矍,3154
踊,3155
遐,3156
扼,3157
沥,3158
眯,3159
唰,3160
寰,3161
闽,3162
忖,3163
醛,3164
耦,3165
邝,3166
侮,3167
圻,3168
徙,3169
邴,3170
菇,3171
蛆,3172
隧,3173
剁,3174
诶,3175
鸨,3176
埔,3177
肪,3178
嚎,3179
曰,3180
槟,3181
唇,3182
拴,3183
榴,3184
趸,3185
婵,3186
熄,3187
毋,3188
镂,3189
煲,3190
掷,3191
舁,3192
垢,3193
谊,3194
嗨,3195
樽,3196
腆,3197
嗲,3198
滁,3199
鹕,3200
羹,3201
鲨,3202
蝮,3203
奠,3204
蜈,3205
狸,3206
矫,3207
禧,3208
睑,3209
酪,3210
槐,3211
莅,3212
锄,3213
绅,3214
摒,3215
彷,3216
暇,3217
橙,3218
畜,3219
琵,3220
咯,3221
疱,3222
颊,3223
汶,3224
侍,3225
恍,3226
瑰,3227
辙,3228
烹,3229
腮,3230
孬,3231
锌,3232
皋,3233
亨,3234
崛,3235
镝,3236
沌,3237
冶,3238
濡,3239
讷,3240
缅,3241
煜,3242
蝶,3243
啷,3244
炯,3245
泓,3246
遴,3247
疹,3248
胚,3249
嘈,3250
缇,3251
呦,3252
蓬,3253
仑,3254
尉,3255
鼾,3256
渲,3257
铬,3258
惘,3259
颌,3260
铐,3261
稷,3262
惭,3263
漳,3264
巫,3265
骥,3266
咆,3267
宕,3268
蕴,3269
溶,3270
鹦,3271
阂,3272
娴,3273
犷,3274
淮,3275
楫,3276
氰,3277
眸,3278
艘,3279
竖,3280
吒,3281
黛,3282
滦,3283
铝,3284
绷,3285
惫,3286
牦,3287
茧,3288
昝,3289
厥,3290
蹬,3291
铠,3292
瀚,3293
咕,3294
氙,3295
燎,3296
掣,3297
剔,3298
玫,3299
迸,3300
劾,3301
佗,3302
锏,3303
禄,3304
棱,3305
缮,3306
庚,3307
烬,3308
枭,3309
蜒,3310
饷,3311
篪,3312
颞,3313
烷,3314
瞰,3315
笆,3316
茵,3317
拂,3318
茎,3319
渗,3320
妃,3321
囱,3322
渝,3323
捣,3324
靓,3325
斐,3326
岖,3327
颧,3328
恭,3329
楹,3330
蔑,3331
璞,3332
惬,3333
啕,3334
嘱,3335
膝,3336
睦,3337
棕,3338
琶,3339
桨,3340
涤,3341
驯,3342
铵,3343
赁,3344
唾,3345
钩,3346
枞,3347
躬,3348
藻,3349
裳,3350
辜,3351
谶,3352
拗,3353
蹶,3354
瞳,3355
绽,3356
肆,3357
睾,3358
怯,3359
烽,3360
潦,3361
沼,3362
沓,3363
弩,3364
呻,3365
噼,3366
迥,3367
晔,3368
栾,3369
萎,3370
铿,3371
榄,3372
汨,3373
酮,3374
苛,3375
钦,3376
涸,3377
窦,3378
偕,3379
椟,3380
狐,3381
鹈,3382
瞠,3383
旬,3384
穴,3385
媚,3386
蚌,3387
耒,3388
簸,3389
宸,3390
锚,3391
馨,3392
？看,3393
隅,3394
嬉,3395
蝎,3396
炊,3397
凸,3398
卤,3399
梵,3400
诹,3401
靥,3402
蚣,3403
酩,3404
蛛,3405
鼬,3406
鄢,3407
昵,3408
厮,3409
咧,3410
镐,3411
唬,3412
鳏,3413
煨,3414
浊,3415
钍,3416
靖,3417
郊,3418
赐,3419
咒,3420
啖,3421
幢,3422
荤,3423
蜗,3424
僚,3425
橄,3426
潍,3427
嫣,3428
馋,3429
绮,3430
麟,3431
殓,3432
黍,3433
螺,3434
瞅,3435
浜,3436
啬,3437
丫,3438
擂,3439
畸,3440
芒,3441
眺,3442
诡,3443
浃,3444
褪,3445
吟,3446
帧,3447
敕,3448
怅,3449
栈,3450
缸,3451
诬,3452
遁,3453
埠,3454
憔,3455
鈩,3456
湍,3457
衅,3458
阑,3459
茜,3460
淼,3461
诟,3462
隍,3463
匍,3464
鹜,3465
拣,3466
畏,3467
琍,3468
矶,3469
顷,3470
讶,3471
嗡,3472
偎,3473
闩,3474
蛤,3475
晋,3476
蜇,3477
昼,3478
沐,3479
鄂,3480
坯,3481
竭,3482
毯,3483
璐,3484
愚,3485
笛,3486
搅,3487
跆,3488
孚,3489
哩,3490
坨,3491
靳,3492
鞠,3493
汕,3494
钼,3495
舶,3496
旷,3497
彪,3498
噪,3499
鳞,3500
沱,3501
铂,3502
痹,3503
逾,3504
咏,3505
骰,3506
淅,3507
韵,3508
慷,3509
璀,3510
宪,3511
铤,3512
瀑,3513
狡,3514
瞻,3515
匝,3516
酝,3517
狄,3518
珀,3519
覃,3520
羁,3521
渍,3522
薯,3523
帚,3524
怵,3525
拄,3526
撅,3527
惶,3528
炳,3529
颓,3530
锵,3531
粱,3532
虱,3533
嘀,3534
鹅,3535
璜,3536
挚,3537
垣,3538
悴,3539
蜿,3540
滕,3541
寿,3542
荼,3543
饪,3544
箔,3545
痍,3546
腼,3547
鹉,3548
帆,3549
蜡,3550
渊,3551
滔,3552
漩,3553
碌,3554
哮,3555
懿,3556
仵,3557
坂,3558
怄,3559
牺,3560
斋,3561
阪,3562
旱,3563
髌,3564
抨,3565
氟,3566
蚊,3567
揩,3568
娼,3569
碛,3570
矣,3571
佾,3572
枫,3573
矾,3574
璇,3575
妤,3576
弈,3577
吮,3578
讴,3579
掺,3580
窿,3581
泔,3582
敛,3583
橘,3584
碘,3585
俪,3586
怩,3587
妁,3588
瓮,3589
哗,3590
蜘,3591
拷,3592
裔,3593
谙,3594
咫,3595
诠,3596
袄,3597
弧,3598
铄,3599
缆,3600
搪,3601
粤,3602
钕,3603
饕,3604
沸,3605
倦,3606
鞅,3607
蔓,3608
忸,3609
豚,3610
铳,3611
蹴,3612
伽,3613
斧,3614
獾,3615
塾,3616
恙,3617
氚,3618
梆,3619
黏,3620
蔻,3621
痼,3622
瓢,3623
匐,3624
禽,3625
潢,3626
裆,3627
瘴,3628
澧,3629
澜,3630
菏,3631
稚,3632
樋,3633
耽,3634
醚,3635
挟,3636
姹,3637
蔚,3638
跤,3639
迄,3640
衬,3641
燮,3642
崭,3643
痴,3644
愫,3645
