id,words
1,。
2,，
3,是
4,的
5,不
6,一
7,”
8,“
9,儿
10,动
11,了
12,个
13,就
14,说
15,有
16,人
17,在
18,e
19,口
20,o
21,总
22,我
23,离
24,字
25,a
26,这
27,！
28,？
29,上
30,i
31,大
32,他
33,来
34,为
35,后
36,r
37,到
38,中
39,也
40,n
41,子
42,要
43,小
44,出
45,s
46,t
47,国
48,被
49,家
50,会
51,么
52,l
53,还
54,没
55,生
56,点
57,时
58,年
59,们
60,地
61,多
62,你
63,下
64,二
65,好
66,开
67,三
68,用
69,都
70,发
71,可
72,但
73,*
74,得
75,车
76,过
77,能
78,方
79,和
80,分
81,对
82,天
83,p
84,行
85,之
86,成
87,以
88,看
89,d
90,现
91,着
92,如
93,、
94,公
95,自
96,于
97,手
98,很
99,十
100,法
101,去
102,本
103,面
104,c
105,老
106,里
107,心
108,称
109,事
110,某
111,y
112,她
113,两
114,警
115,u
116,机
117,打
118,A
119,五
120,前
121,起
122,零
123,经
124,学
125,S
126,当
127,吧
128,高
129,八
130,四
131,此
132,名
133,把
134,想
135,女
136,样
137,道
138,最
139,h
140,作
141,理
142,场
143,M
144,回
145,m
146,种
147,而
148,业
149,网
150,百
151,民
152,C
153,实
154,安
155,头
156,其
157,报
158,定
159,P
160,啊
161,已
162,然
163,者
164,文
165,电
166,同
167,怎
168,长
169,意
170,全
171,房
172,工
173,九
174,g
175,六
176,市
177,表
178,情
179,重
180,b
181,外
182,问
183,门
184,进
185,明
186,案
187,T
188,那
189,该
190,七
191,常
192,办
193,保
194,部
195,次
196,应
197,从
198,主
199,什
200,将
201,简
202,果
203,边
204,新
205,美
206,给
207,B
208,正
209,间
210,日
211,所
212,啦
213,体
214,因
215,比
216,力
217,路
218,无
219,D
220,L
221,只
222,F
223,并
224,话
225,走
226,友
227,内
228,钱
229,哪
230,爱
231,水
232,关
233,司
234,让
235,身
236,系
237,指
238,些
239,难
240,入
241,别
242,真
243,k
244,等
245,做
246,合
247,信
248,又
249,度
250,加
251,I
252,先
253,呢
254,平
255,张
256,产
257,数
258,花
259,更
260,目
261,何
262,金
263,性
264,写
265,价
266,己
267,认
268,查
269,O
270,住
271,才
272,活
273,接
274,调
275,呀
276,示
277,w
278,f
279,知
280,与
281,眼
282,放
283,收
284,N
285,相
286,直
287,气
288,位
289,男
290,院
291,解
292,持
293,包
294,通
295,制
296,几
297,见
298,风
299,化
300,品
301,v
302,J
303,再
304,处
305,白
306,件
307,记
308,G
309,员
310,受
311,期
312,管
313,谁
314,交
315,题
316,非
317,李
318,少
319,感
320,资
321,便
322,区
323,太
324,未
325,快
326,建
327,即
328,政
329,第
330,死
331,E
332,马
333,改
334,城
335,王
336,R
337,台
338,今
339,物
340,提
341,医
342,元
343,利
344,费
345,据
346,游
347,北
348,伤
349,代
350,标
351,火
352,孩
353,英
354,格
355,单
356,向
357,式
358,干
359,半
360,强
361,戏
362,空
363,带
364,东
365,W
366,务
367,楼
368,原
369,服
370,完
371,底
372,片
373,买
374,H
375,班
376,月
377,结
378,步
379,觉
380,程
381,款
382,计
383,吃
384,量
385,立
386,病
387,基
388,变
389,请
390,清
391,亲
392,流
393,影
394,商
395,统
396,板
397,特
398,爸
399,西
400,海
401,光
402,准
403,算
404,户
405,始
406,缩
407,万
408,联
409,听
410,号
411,乐
412,V
413,声
414,转
415,图
416,周
417,吗
418,则
419,近
420,照
421,找
422,随
423,至
424,陈
425,消
426,备
427,师
428,客
429,反
430,各
431,决
432,由
433,求
434,跟
435,思
436,选
437,K
438,战
439,息
440,线
441,条
442,送
443,导
444,视
445,规
446,告
447,任
448,容
449,首
450,类
451,村
452,落
453,叫
454,宝
455,议
456,像
457,设
458,运
459,救
460,增
461,证
462,士
463,牌
464,况
465,续
466,远
467,双
468,神
469,器
470,确
471,世
472,山
473,阿
474,展
475,书
476,南
477,跑
478,连
479,往
480,推
481,欢
482,断
483,必
484,节
485,刘
486,终
487,热
488,取
489,红
490,装
491,官
492,专
493,越
494,型
495,微
496,广
497,言
498,使
499,曾
500,赶
501,层
502,界
503,支
504,喜
505,林
506,每
507,需
508,诉
509,黄
510,帮
511,命
512,望
513,妈
514,色
515,布
516,球
517,功
518,举
519,速
520,局
521,复
522,术
523,却
524,满
525,及
526,失
527,众
528,玩
529,根
530,显
531,除
532,倒
533,教
534,败
535,婚
536,技
537,控
538,传
539,差
540,刀
541,投
542,组
543,团
544,领
545,夫
546,较
547,语
548,社
549,U
550,母
551,严
552,拿
553,酒
554,试
555,庭
556,父
557,存
558,队
559,评
560,软
561,早
562,创
563,停
564,劲
565,晚
566,哦
567,京
568,华
569,紧
570,或
571,易
572,克
573,刚
574,Y
575,属
576,论
577,企
578,科
579,项
580,脚
581,引
582,候
583,居
584,卡
585,千
586,深
587,站
588,观
589,注
590,模
591,具
592,治
593,音
594,拉
595,按
596,哈
597,疑
598,军
599,率
600,米
601,姐
602,杀
603,排
604,股
605,集
606,它
607,份
608,皮
609,州
610,营
611,斯
612,考
613,讲
614,继
615,环
616,卖
617,料
618,江
619,超
620,害
621,巴
622,药
623,获
624,室
625,养
626,错
627,造
628,弟
629,角
630,值
631,级
632,争
633,土
634,整
635,版
636,阳
637,校
638,黑
639,店
640,低
641,效
642,似
643,测
644,止
645,波
646,策
647,演
648,掉
649,德
650,待
651,博
652,留
653,飞
654,香
655,铁
656,港
657,态
658,够
659,约
660,参
661,码
662,源
663,笑
664,菜
665,套
666,险
667,背
668,形
669,访
670,票
671,许
672,逃
673,尔
674,购
675,般
676,审
677,座
678,兵
679,嘴
680,仍
681,识
682,供
683,盘
684,怕
685,毒
686,击
687,假
688,初
689,歌
690,围
691,农
692,破
693,食
694,X
695,腐
696,x
697,油
698,顺
699,察
700,银
701,执
702,致
703,饭
704,急
705,协
706,抓
707,谢
708,势
709,细
710,委
711,妹
712,久
713,精
714,绝
715,防
716,响
717,共
718,松
719,河
720,依
721,印
722,革
723,藏
724,划
725,奶
726,否
727,独
728,招
729,际
730,切
731,群
732,权
733,检
734,伴
735,血
736,罪
737,朋
738,修
739,春
740,夜
741,令
742,且
743,党
744,判
745,答
746,段
747,竟
748,块
749,烟
750,普
751,犯
752,脸
753,偷
754,亿
755,达
756,府
757,脑
758,奇
759,限
760,轻
761,闹
762,抢
763,念
764,味
765,石
766,星
767,忙
768,翻
769,妻
770,质
771,伙
772,护
773,画
774,笔
775,配
776,派
777,义
778,古
779,助
780,财
781,责
782,货
783,昨
784,置
785,坐
786,哥
787,希
788,究
789,幅
790,冷
791,律
792,采
793,施
794,景
795,亮
796,升
797,亚
798,追
799,退
800,免
801,唱
802,短
803,谈
804,列
805,武
806,衣
807,摆
808,孙
809,突
810,福
811,杨
812,租
813,均
814,育
815,靠
816,惊
817,足
818,补
819,汽
820,敢
821,纷
822,青
823,罗
824,拆
825,冲
826,兴
827,拍
828,仅
829,象
830,您
831,另
832,承
833,择
834,刷
835,牛
836,频
837,亡
838,遇
839,韩
840,络
841,尽
842,优
843,换
844,困
845,富
846,挺
847,健
848,历
849,幸
850,介
851,涨
852,降
853,坚
854,毛
855,压
856,龙
857,云
858,范
859,序
860,索
861,腿
862,乎
863,园
864,词
865,露
866,志
867,Q
868,嫌
869,移
870,密
871,暴
872,键
873,担
874,辆
875,永
876,益
877,素
878,故
879,左
880,窗
881,县
882,播
883,监
884,礼
885,硬
886,睡
887,批
888,职
889,签
890,街
891,习
892,婆
893,卫
894,托
895,济
896,载
897,融
898,极
899,遭
900,魔
901,Z
902,愿
903,构
904,枪
905,闻
906,树
907,负
908,境
909,跳
910,夏
911,避
912,预
913,吴
914,登
915,休
916,误
917,岁
918,暗
919,域
920,肯
921,呼
922,损
923,粉
924,钟
925,读
926,架
927,临
928,餐
929,盖
930,航
931,缺
932,右
933,余
934,馆
935,狗
936,穿
937,状
938,喝
939,慢
940,冰
941,旁
942,苦
943,端
944,雨
945,省
946,互
947,掌
948,怪
949,鞋
950,贴
951,稿
952,须
953,弹
954,剧
955,乱
956,圈
957,编
958,梦
959,顶
960,善
961,曲
962,搞
963,啥
964,操
965,透
966,宜
967,震
968,针
969,床
970,镇
971,副
972,雪
973,蛋
974,毕
975,屋
976,勇
977,田
978,顿
979,搬
980,媒
981,史
982,堂
983,旅
984,姓
985,偏
986,瓜
987,草
988,醒
989,骨
990,骗
991,额
992,牙
993,猜
994,墙
995,爷
996,肉
997,尼
998,捕
999,验
1000,耳
1001,湾
1002,午
1003,抱
1004,欧
1005,售
1006,恶
1007,稳
1008,妇
1009,坏
1010,织
1011,胡
1012,累
1013,贵
1014,邻
1015,积
1016,刑
1017,尚
1018,凶
1019,跌
1020,迷
1021,拒
1022,录
1023,哭
1024,康
1025,核
1026,拜
1027,丈
1028,秋
1029,遍
1030,静
1031,怀
1032,染
1033,询
1034,胜
1035,搭
1036,窝
1037,麻
1038,币
1039,鱼
1040,伟
1041,顾
1042,截
1043,绑
1044,驾
1045,残
1046,销
1047,挂
1048,闲
1049,挑
1050,躲
1051,维
1052,绕
1053,杂
1054,句
1055,丽
1056,抽
1057,抗
1058,违
1059,灯
1060,遗
1061,封
1062,痛
1063,朝
1064,述
1065,占
1066,付
1067,猫
1068,骂
1069,斌
1070,研
1071,喊
1072,傅
1073,寻
1074,智
1075,庆
1076,充
1077,咬
1078,摇
1079,折
1080,俩
1081,拼
1082,纸
1083,虽
1084,叶
1085,宣
1086,岸
1087,轮
1088,洲
1089,灵
1090,赛
1091,威
1092,宁
1093,撒
1094,秀
1095,丁
1096,沙
1097,锁
1098,隔
1099,储
1100,散
1101,宅
1102,适
1103,j
1104,略
1105,拥
1106,斗
1107,努
1108,爆
1109,奔
1110,狂
1111,楚
1112,予
1113,熟
1114,峰
1115,豪
1116,席
1117,摩
1118,私
1119,绿
1120,郭
1121,堵
1122,罚
1123,卷
1124,探
1125,温
1126,央
1127,闭
1128,涉
1129,兽
1130,债
1131,泪
1132,浪
1133,冒
1134,漫
1135,奖
1136,咋
1137,巨
1138,苏
1139,迅
1140,绍
1141,童
1142,患
1143,彩
1144,娘
1145,材
1146,雷
1147,傻
1148,唐
1149,乘
1150,拐
1151,鉴
1152,讨
1153,例
1154,贷
1155,舍
1156,鸡
1157,扣
1158,附
1159,碎
1160,竞
1161,阻
1162,奥
1163,玉
1164,霸
1165,释
1166,输
1167,忍
1168,挨
1169,摊
1170,减
1171,既
1172,拨
1173,障
1174,账
1175,默
1176,茶
1177,烈
1178,悔
1179,迹
1180,巧
1181,甚
1182,菲
1183,译
1184,吐
1185,汉
1186,弄
1187,税
1188,宾
1189,姑
1190,尸
1191,兰
1192,激
1193,烧
1194,暖
1195,危
1196,赔
1197,猛
1198,良
1199,擦
1200,厕
1201,徒
1202,宽
1203,君
1204,纠
1205,聊
1206,丢
1207,袋
1208,扩
1209,概
1210,恋
1211,库
1212,族
1213,拟
1214,剩
1215,撞
1216,吸
1217,含
1218,页
1219,逼
1220,吓
1221,洞
1222,柏
1223,丰
1224,劝
1225,估
1226,懂
1227,鼻
1228,射
1229,蓝
1230,豆
1231,著
1232,途
1233,邦
1234,纳
1235,箱
1236,吵
1237,洋
1238,幕
1239,归
1240,讯
1241,乡
1242,冬
1243,洗
1244,娃
1245,诊
1246,迎
1247,异
1248,唯
1249,守
1250,延
1251,桥
1252,诺
1253,趁
1254,雄
1255,刻
1256,杆
1257,倍
1258,闷
1259,症
1260,弱
1261,酸
1262,镜
1263,辑
1264,疼
1265,摸
1266,末
1267,谷
1268,纪
1269,榜
1270,蔡
1271,若
1272,惨
1273,曹
1274,帖
1275,隐
1276,盛
1277,返
1278,梅
1279,潮
1280,虑
1281,敏
1282,雅
1283,阵
1284,徐
1285,坦
1286,征
1287,溜
1288,虎
1289,刺
1290,芳
1291,船
1292,练
1293,贸
1294,束
1295,扬
1296,昌
1297,偿
1298,借
1299,木
1300,陆
1301,贪
1302,厂
1303,洪
1304,梁
1305,混
1306,辞
1307,伯
1308,趣
1309,兄
1310,禁
1311,挡
1312,赵
1313,弃
1314,圆
1315,熊
1316,凑
1317,触
1318,墓
1319,启
1320,汇
1321,腾
1322,杰
1323,q
1324,锋
1325,沉
1326,盟
1327,拔
1328,恨
1329,驶
1330,鼓
1331,猴
1332,叔
1333,煤
1334,符
1335,旗
1336,碰
1337,挖
1338,胖
1339,潜
1340,聚
1341,妥
1342,劳
1343,仁
1344,谓
1345,泡
1346,尖
1347,澳
1348,野
1349,疗
1350,骑
1351,漂
1352,孔
1353,晓
1354,扑
1355,猪
1356,苗
1357,扎
1358,吹
1359,屏
1360,董
1361,娱
1362,润
1363,析
1364,恐
1365,邮
1366,旦
1367,鸟
1368,毁
1369,裤
1370,焦
1371,插
1372,钢
1373,陷
1374,秘
1375,柳
1376,裂
1377,侦
1378,谱
1379,缓
1380,筑
1381,堆
1382,攻
1383,奈
1384,仪
1385,脏
1386,凯
1387,尾
1388,旧
1389,链
1390,援
1391,典
1392,盾
1393,鲜
1394,薄
1395,邓
1396,申
1397,塔
1398,纯
1399,岛
1400,匪
1401,逐
1402,摔
1403,迁
1404,虚
1405,剪
1406,桌
1407,括
1408,痕
1409,凉
1410,矛
1411,鬼
1412,叹
1413,净
1414,赖
1415,埋
1416,泛
1417,森
1418,瑞
1419,砸
1420,忘
1421,享
1422,脱
1423,侧
1424,绩
1425,桑
1426,胶
1427,泰
1428,闪
1429,躺
1430,勒
1431,凤
1432,恢
1433,郑
1434,悬
1435,皇
1436,搜
1437,池
1438,塞
1439,夺
1440,丝
1441,瘦
1442,绳
1443,瓶
1444,迟
1445,览
1446,串
1447,苍
1448,丧
1449,替
1450,婴
1451,劫
1452,坑
1453,帅
1454,距
1455,碍
1456,季
1457,阶
1458,滋
1459,艇
1460,呐
1461,筹
1462,缘
1463,肥
1464,乖
1465,艾
1466,慌
1467,湖
1468,章
1469,俗
1470,眠
1471,斑
1472,冤
1473,狼
1474,滑
1475,允
1476,凡
1477,亏
1478,固
1479,荣
1480,胆
1481,佳
1482,暂
1483,赚
1484,跨
1485,嘛
1486,俄
1487,灭
1488,涂
1489,赞
1490,奸
1491,莫
1492,悲
1493,贝
1494,川
1495,饼
1496,振
1497,哟
1498,睛
1499,赃
1500,惜
1501,敲
1502,废
1503,烦
1504,朱
1505,弯
1506,欲
1507,佛
1508,舌
1509,灾
1510,抵
1511,愣
1512,z
1513,督
1514,堡
1515,诚
1516,纽
1517,础
1518,沟
1519,爽
1520,盗
1521,扮
1522,艺
1523,握
1524,帽
1525,咱
1526,揭
1527,赢
1528,戴
1529,侃
1530,详
1531,扰
1532,幼
1533,伦
1534,纹
1535,梯
1536,咨
1537,伸
1538,棍
1539,污
1540,浓
1541,扭
1542,嘉
1543,拘
1544,悉
1545,综
1546,颇
1547,饱
1548,疯
1549,横
1550,栏
1551,陪
1552,厅
1553,措
1554,喷
1555,甲
1556,罐
1557,伍
1558,齐
1559,郁
1560,尝
1561,剑
1562,盒
1563,址
1564,训
1565,挣
1566,狱
1567,缴
1568,晨
1569,亦
1570,丹
1571,坛
1572,朵
1573,龄
1574,臭
1575,蒙
1576,丑
1577,耍
1578,泄
1579,渐
1580,腰
1581,励
1582,脖
1583,缠
1584,昏
1585,呆
1586,苹
1587,漏
1588,滚
1589,墨
1590,趟
1591,厚
1592,壁
1593,晕
1594,荒
1595,轨
1596,晒
1597,逆
1598,遂
1599,棒
1600,逛
1601,瞬
1602,甩
1603,胎
1604,砍
1605,钻
1606,呗
1607,燕
1608,肠
1609,幺
1610,谎
1611,杜
1612,戳
1613,迪
1614,涛
1615,阴
1616,舰
1617,惯
1618,垫
1619,抄
1620,迫
1621,肚
1622,萨
1623,祝
1624,欣
1625,槽
1626,愁
1627,磨
1628,浏
1629,冯
1630,坠
1631,惠
1632,尊
1633,锅
1634,淘
1635,埃
1636,怒
1637,熬
1638,拖
1639,仔
1640,歉
1641,堪
1642,粗
1643,缝
1644,摄
1645,授
1646,递
1647,尤
1648,宏
1649,贼
1650,坎
1651,肃
1652,臂
1653,貌
1654,爬
1655,尿
1656,踪
1657,泥
1658,炮
1659,铺
1660,档
1661,忽
1662,袭
1663,姚
1664,宫
1665,妙
1666,彬
1667,犬
1668,炸
1669,烤
1670,促
1671,夸
1672,桃
1673,彻
1674,砖
1675,硕
1676,贩
1677,戒
1678,液
1679,灿
1680,扫
1681,珍
1682,洁
1683,蛇
1684,孕
1685,黎
1686,井
1687,忆
1688,宿
1689,辉
1690,扔
1691,鼠
1692,愤
1693,筋
1694,胸
1695,肩
1696,崇
1697,挪
1698,抬
1699,仓
1700,舞
1701,尺
1702,渠
1703,纵
1704,曼
1705,抚
1706,厉
1707,拎
1708,獒
1709,愈
1710,倡
1711,媳
1712,玲
1713,恼
1714,穷
1715,夹
1716,哀
1717,辈
1718,偶
1719,俊
1720,寒
1721,嗓
1722,滨
1723,晃
1724,饮
1725,扶
1726,疾
1727,册
1728,泽
1729,秒
1730,辨
1731,竿
1732,吕
1733,碗
1734,鲁
1735,虫
1736,垮
1737,忧
1738,圣
1739,撤
1740,侵
1741,沈
1742,填
1743,稀
1744,耐
1745,桶
1746,赌
1747,爹
1748,捧
1749,怨
1750,奋
1751,悄
1752,捡
1753,巡
1754,烂
1755,圾
1756,贤
1757,宇
1758,戚
1759,吞
1760,宋
1761,课
1762,欠
1763,奏
1764,牵
1765,蒋
1766,牢
1767,吉
1768,蒜
1769,甜
1770,犹
1771,垃
1772,呵
1773,芝
1774,汤
1775,虐
1776,棉
1777,拦
1778,奢
1779,恩
1780,兜
1781,坤
1782,坊
1783,帝
1784,壳
1785,稍
1786,捷
1787,膀
1788,魅
1789,贫
1790,捞
1791,框
1792,腕
1793,驱
1794,悦
1795,诞
1796,袖
1797,俱
1798,撑
1799,塑
1800,蛮
1801,兼
1802,珠
1803,阅
1804,拳
1805,癌
1806,衡
1807,糖
1808,屁
1809,蜜
1810,祖
1811,炉
1812,脆
1813,冻
1814,逗
1815,攀
1816,宠
1817,寡
1818,璃
1819,寄
1820,辛
1821,券
1822,枝
1823,贬
1824,汪
1825,抠
1826,凌
1827,诈
1828,褂
1829,聪
1830,荡
1831,矮
1832,函
1833,霞
1834,厨
1835,尘
1836,杯
1837,娟
1838,薪
1839,罢
1840,培
1841,仿
1842,孟
1843,裸
1844,艳
1845,裁
1846,枣
1847,垄
1848,杭
1849,闯
1850,葛
1851,谋
1852,订
1853,壤
1854,携
1855,骤
1856,祥
1857,撕
1858,悠
1859,诸
1860,醉
1861,茬
1862,滴
1863,剖
1864,饰
1865,捆
1866,摁
1867,歹
1868,畅
1869,矿
1870,瘾
1871,乔
1872,崩
1873,荷
1874,彭
1875,庄
1876,巾
1877,蒲
1878,绪
1879,鸣
1880,宴
1881,洛
1882,柴
1883,坝
1884,碟
1885,掩
1886,捐
1887,筒
1888,飙
1889,羊
1890,窃
1891,繁
1892,鼎
1893,曝
1894,侄
1895,唤
1896,耗
1897,胞
1898,扇
1899,膜
1900,盆
1901,炒
1902,番
1903,荐
1904,邀
1905,酷
1906,廖
1907,乏
1908,乙
1909,钓
1910,颤
1911,圳
1912,冠
1913,玻
1914,挥
1915,瓦
1916,扒
1917,塌
1918,抹
1919,渣
1920,郝
1921,届
1922,篮
1923,竹
1924,催
1925,泉
1926,傲
1927,植
1928,辣
1929,舒
1930,押
1931,浮
1932,献
1933,贺
1934,颠
1935,篇
1936,赫
1937,眉
1938,厢
1939,郎
1940,瘫
1941,敞
1942,姥
1943,叮
1944,崖
1945,椅
1946,赏
1947,囊
1948,蟹
1949,葱
1950,柜
1951,伞
1952,割
1953,萍
1954,趋
1955,劣
1956,肿
1957,爪
1958,尴
1959,憋
1960,昂
1961,耀
1962,齿
1963,殴
1964,映
1965,窜
1966,疫
1967,熙
1968,逝
1969,扯
1970,薇
1971,妨
1972,汗
1973,卧
1974,灶
1975,淡
1976,揣
1977,嫂
1978,敬
1979,尬
1980,斜
1981,斤
1982,墩
1983,慰
1984,","
1985,崔
1986,辩
1987,姜
1988,醋
1989,聘
1990,慧
1991,莎
1992,鸭
1993,敌
1994,逢
1995,垂
1996,卓
1997,坡
1998,伏
1999,笼
2000,窍
2001,惹
2002,歧
2003,贿
2004,钉
2005,仰
2006,朗
2007,攒
2008,遵
2009,铃
2010,茫
2011,舆
2012,删
2013,署
2014,淹
2015,肝
2016,颁
2017,敦
2018,寺
2019,莉
2020,雕
2021,铜
2022,锤
2023,踹
2024,召
2025,丛
2026,蝇
2027,呈
2028,逸
2029,赠
2030,霆
2031,磊
2032,勉
2033,菊
2034,搏
2035,毫
2036,殊
2037,糊
2038,挤
2039,逮
2040,赴
2041,沾
2042,痒
2043,循
2044,壮
2045,坟
2046,帘
2047,汰
2048,玛
2049,祸
2050,孤
2051,滩
2052,龚
2053,殿
2054,侯
2055,廉
2056,添
2057,秦
2058,茂
2059,踏
2060,抖
2061,陵
2062,卸
2063,胳
2064,麦
2065,拓
2066,伪
2067,皆
2068,陶
2069,虾
2070,檐
2071,汁
2072,蠢
2073,沿
2074,窄
2075,婷
2076,匿
2077,袍
2078,拽
2079,塘
2080,魂
2081,扁
2082,邹
2083,氏
2084,渔
2085,岳
2086,膊
2087,哄
2088,浙
2089,湿
2090,伊
2091,燃
2092,莲
2093,徽
2094,涵
2095,舱
2096,秤
2097,轰
2098,炎
2099,舅
2100,灰
2101,抛
2102,刊
2103,岗
2104,鹏
2105,晶
2106,吭
2107,欺
2108,脉
2109,勤
2110,狠
2111,惕
2112,淫
2113,藉
2114,驴
2115,蹲
2116,踢
2117,邪
2118,姨
2119,氧
2120,绒
2121,啃
2122,篱
2123,旺
2124,覆
2125,翔
2126,瓤
2127,槛
2128,橡
2129,葬
2130,豁
2131,颜
2132,逻
2133,峻
2134,募
2135,揽
2136,雏
2137,瞎
2138,罩
2139,堤
2140,芽
2141,颈
2142,粮
2143,描
2144,娜
2145,袜
2146,虹
2147,阮
2148,澡
2149,兑
2150,妆
2151,嗝
2152,乳
2153,呛
2154,翠
2155,馅
2156,纱
2157,奉
2158,桂
2159,蝈
2160,焚
2161,呕
2162,庙
2163,娇
2164,谣
2165,钞
2166,叙
2167,辅
2168,谅
2169,屡
2170,轴
2171,拾
2172,雾
2173,芬
2174,倌
2175,哨
2176,恰
2177,讽
2178,喘
2179,弦
2180,轿
2181,咽
2182,卢
2183,迭
2184,叉
2185,剥
2186,遣
2187,迈
2188,跪
2189,诗
2190,慎
2191,骄
2192,婿
2193,滞
2194,砂
2195,盅
2196,渡
2197,盯
2198,琴
2199,萧
2200,溃
2201,枉
2202,饶
2203,闸
2204,氛
2205,逞
2206,嫁
2207,兔
2208,沃
2209,芭
2210,杠
2211,遥
2212,疲
2213,勿
2214,驳
2215,《
2216,辗
2217,勺
2218,径
2219,倾
2220,滥
2221,趴
2222,聂
2223,缉
2224,恒
2225,屠
2226,顽
2227,辱
2228,肖
2229,蛐
2230,傍
2231,彤
2232,罕
2233,睹
2234,宰
2235,》
2236,咪
2237,逊
2238,歪
2239,役
2240,柱
2241,厦
2242,猝
2243,骚
2244,秩
2245,僵
2246,隆
2247,跃
2248,祈
2249,昆
2250,倪
2251,佩
2252,霍
2253,勘
2254,蜂
2255,晰
2256,掏
2257,坷
2258,绣
2259,霉
2260,株
2261,忠
2262,酬
2263,伐
2264,兆
2265,彼
2266,赋
2267,蓄
2268,咖
2269,仗
2270,凭
2271,擎
2272,陕
2273,皱
2274,瞧
2275,沦
2276,慈
2277,羽
2278,棋
2279,歇
2280,翅
2281,婶
2282,誓
2283,杏
2284,妞
2285,卵
2286,莹
2287,槌
2288,籍
2289,饿
2290,磁
2291,悟
2292,葡
2293,囚
2294,浩
2295,墅
2296,掀
2297,庸
2298,襟
2299,耕
2300,锯
2301,诀
2302,栋
2303,肇
2304,髓
2305,矩
2306,搁
2307,幻
2308,盈
2309,肢
2310,葩
2311,咳
2312,浑
2313,羞
2314,捉
2315,愧
2316,袁
2317,紫
2318,俺
2319,凳
2320,慕
2321,夯
2322,锦
2323,遮
2324,瓷
2325,匆
2326,曙
2327,榆
2328,吁
2329,宗
2330,蚕
2331,耿
2332,械
2333,奴
2334,肺
2335,谜
2336,谭
2337,盼
2338,豹
2339,喉
2340,弊
2341,啡
2342,梨
2343,嫖
2344,氢
2345,冀
2346,匹
2347,冉
2348,碾
2349,践
2350,甥
2351,盲
2352,绵
2353,氯
2354,炼
2355,匡
2356,腔
2357,誉
2358,乃
2359,猕
2360,氨
2361,蹦
2362,栅
2363,茅
2364,涌
2365,瞄
2366,洒
2367,饺
2368,踩
2369,菌
2370,怜
2371,怖
2372,萄
2373,丸
2374,寸
2375,抑
2376,嘻
2377,蜀
2378,贾
2379,睁
2380,惑
2381,辖
2382,讳
2383,旭
2384,惩
2385,丙
2386,脾
2387,仇
2388,泊
2389,粒
2390,稻
2391,辍
2392,剃
2393,卦
2394,赂
2395,巢
2396,躁
2397,寓
2398,褒
2399,怡
2400,暧
2401,亭
2402,贡
2403,辰
2404,褥
2405,彦
2406,潭
2407,侈
2408,锻
2409,疮
2410,蹄
2411,辟
2412,琳
2413,孽
2414,睐
2415,挎
2416,勾
2417,柔
2418,裕
2419,憾
2420,勃
2421,溺
2422,粹
2423,岭
2424,咂
2425,卜
2426,舟
2427,哽
2428,抉
2429,痰
2430,仙
2431,沫
2432,豫
2433,颅
2434,喇
2435,胃
2436,岔
2437,揪
2438,磕
2439,瞒
2440,泳
2441,椒
2442,衷
2443,凰
2444,泣
2445,朴
2446,藕
2447,萝
2448,诱
2449,坪
2450,瓣
2451,烯
2452,衩
2453,娓
2454,溢
2455,穆
2456,箭
2457,霾
2458,攘
2459,耸
2460,谨
2461,哑
2462,煎
2463,邸
2464,尹
2465,肘
2466,刃
2467,掰
2468,蔽
2469,牧
2470,暑
2471,孝
2472,腺
2473,俏
2474,瘤
2475,辽
2476,姻
2477,仕
2478,削
2479,愉
2480,萌
2481,叛
2482,乍
2483,淤
2484,哲
2485,沧
2486,脊
2487,衰
2488,捂
2489,摘
2490,匕
2491,糟
2492,鬓
2493,咙
2494,禅
2495,惧
2496,阁
2497,脐
2498,裹
2499,吨
2500,撇
2501,荆
2502,绢
2503,飘
2504,蓓
2505,葵
2506,浸
2507,祷
2508,萱
2509,挫
2510,贯
2511,遛
2512,幽
2513,弥
2514,叭
2515,锡
2516,羡
2517,韦
2518,澄
2519,疤
2520,荫
2521,浅
2522,苯
2523,锣
2524,薛
2525,阔
2526,葫
2527,鞭
2528,凝
2529,肤
2530,寝
2531,魏
2532,炫
2533,搀
2534,呱
2535,妮
2536,帐
2537,艰
2538,津
2539,寨
2540,姆
2541,蓉
2542,梢
2543,撰
2544,刹
2545,履
2546,岂
2547,睬
2548,烫
2549,芦
2550,俭
2551,腊
2552,忏
2553,厌
2554,谍
2555,谴
2556,猎
2557,饥
2558,姿
2559,绰
2560,窑
2561,喻
2562,侣
2563,洼
2564,赤
2565,吼
2566,嘲
2567,锂
2568,筐
2569,闵
2570,唏
2571,楠
2572,揍
2573,钥
2574,湘
2575,魁
2576,耻
2577,伶
2578,峡
2579,妒
2580,鳌
2581,嵌
2582,枕
2583,脯
2584,闺
2585,荏
2586,酶
2587,陋
2588,琦
2589,涝
2590,岑
2591,呜
2592,糕
2593,酚
2594,妖
2595,旮
2596,衫
2597,鸿
2598,屉
2599,忑
2600,绸
2601,澈
2602,椎
2603,苒
2604,盂
2605,窘
2606,晴
2607,酱
2608,僧
2609,掳
2610,缀
2611,拱
2612,狮
2613,酣
2614,脂
2615,岩
2616,驻
2617,胀
2618,栖
2619,掘
2620,涯
2621,嵩
2622,巩
2623,斥
2624,翼
2625,谦
2626,庇
2627,巷
2628,疏
2629,蔬
2630,腻
2631,捎
2632,箍
2633,蕉
2634,渴
2635,妄
2636,乌
2637,旋
2638,泵
2639,甫
2640,忌
2641,梗
2642,胺
2643,轩
2644,凿
2645,吊
2646,瑜
2647,厘
2648,刮
2649,栽
2650,屑
2651,奕
2652,琢
2653,浇
2654,侨
2655,侠
2656,赎
2657,拢
2658,廊
2659,霜
2660,鑫
2661,陌
2662,鹿
2663,馈
2664,嫉
2665,嘘
2666,涡
2667,锈
2668,屎
2669,蚀
2670,颖
2671,跋
2672,皂
2673,哎
2674,疆
2675,浦
2676,硫
2677,玄
2678,噬
2679,谐
2680,叠
2681,咸
2682,赘
2683,陨
2684,勋
2685,癖
2686,颗
2687,蚁
2688,谬
2689,庞
2690,藩
2691,扳
2692,莞
2693,橱
2694,詹
2695,沛
2696,斩
2697,贞
2698,睿
2699,阱
2700,灌
2701,靡
2702,祭
2703,拧
2704,壶
2705,扛
2706,宵
2707,溪
2708,桐
2709,熏
2710,柯
2711,搓
2712,绘
2713,翘
2714,茄
2715,匮
2716,踮
2717,琉
2718,胁
2719,噩
2720,恳
2721,盐
2722,鳄
2723,擅
2724,焉
2725,邢
2726,蕾
2727,窥
2728,瘌
2729,谤
2730,盹
2731,铲
2732,辫
2733,肌
2734,馒
2735,攥
2736,忐
2737,蕊
2738,鸽
2739,篓
2740,旯
2741,夕
2742,刨
2743,匙
2744,煌
2745,阄
2746,捅
2747,硅
2748,莽
2749,灏
2750,弗
2751,嗽
2752,涩
2753,颏
2754,嚼
2755,嗯
2756,淀
2757,喀
2758,懒
2759,秉
2760,龟
2761,秆
2762,梳
2763,焊
2764,氓
2765,撼
2766,媛
2767,籽
2768,亩
2769,御
2770,弓
2771,屿
2772,佐
2773,悸
2774,噢
2775,佬
2776,伺
2777,吾
2778,咄
2779,妍
2780,酯
2781,酿
2782,醇
2783,撬
2784,牲
2785,缈
2786,淆
2787,圭
2788,燧
2789,禾
2790,棚
2791,捍
2792,裙
2793,鞘
2794,衔
2795,驹
2796,吝
2797,袅
2798,蟀
2799,喃
2800,狒
2801,孰
2802,娅
2803,妾
2804,鹰
2805,惋
2806,紊
2807,篷
2808,碱
2809,遏
2810,搂
2811,磋
2812,瞪
2813,雇
2814,栓
2815,茨
2816,殖
2817,弘
2818,寞
2819,蒂
2820,聋
2821,趾
2822,乞
2823,臣
2824,炭
2825,鹊
2826,俞
2827,徘
2828,喂
2829,甄
2830,芯
2831,柚
2832,稠
2833,哇
2834,慨
2835,枯
2836,淇
2837,臀
2838,俯
2839,泱
2840,匀
2841,隶
2842,朽
2843,撸
2844,哆
2845,扈
2846,冈
2847,歼
2848,粪
2849,沪
2850,拯
2851,夷
2852,肮
2853,纲
2854,缪
2855,梭
2856,霏
2857,碑
2858,镖
2859,秸
2860,驼
2861,冽
2862,禺
2863,丘
2864,槿
2865,懑
2866,磅
2867,毙
2868,瑟
2869,靴
2870,烛
2871,粑
2872,佘
2873,芸
2874,拌
2875,戛
2876,靶
2877,嫩
2878,宛
2879,垒
2880,凹
2881,孜
2882,诽
2883,栗
2884,悍
2885,逍
2886,盎
2887,缔
2888,蹭
2889,晌
2890,茹
2891,掠
2892,愕
2893,毅
2894,凄
2895,珊
2896,嚣
2897,闫
2898,鲍
2899,贻
2900,筛
2901,嗦
2902,蟋
2903,俐
2904,樱
2905,昧
2906,戈
2907,晾
2908,驿
2909,昭
2910,俚
2911,酋
2912,挞
2913,杉
2914,屈
2915,瑕
2916,胰
2917,撮
2918,佣
2919,仨
2920,嗟
2921,瞩
2922,贱
2923,镑
2924,亵
2925,昔
2926,涕
2927,潘
2928,烘
2929,揉
2930,翁
2931,瘁
2932,黯
2933,燥
2934,绊
2935,簿
2936,钳
2937,淋
2938,晖
2939,犁
2940,皖
2941,坞
2942,泼
2943,飕
2944,帜
2945,牡
2946,骆
2947,披
2948,辄
2949,铮
2950,涓
2951,灼
2952,梧
2953,翱
2954,姊
2955,腌
2956,雀
2957,帕
2958,跄
2959,驰
2960,鹤
2961,煞
2962,乒
2963,窟
2964,殡
2965,祁
2966,唧
2967,昕
2968,兢
2969,搡
2970,蹈
2971,涿
2972,骸
2973,亟
2974,挽
2975,稼
2976,喧
2977,仆
2978,窒
2979,柬
2980,蒸
2981,坍
2982,陀
2983,仲
2984,耶
2985,懵
2986,寥
2987,碉
2988,疚
2989,谯
2990,哒
2991,噜
2992,抡
2993,乓
2994,痤
2995,肾
2996,彰
2997,撵
2998,捏
2999,墟
3000,漾
3001,裴
3002,纬
3003,忡
3004,柄
3005,矢
3006,谩
3007,蚂
3008,箕
3009,崎
3010,戊
3011,惴
3012,苑
3013,胫
3014,竺
3015,徊
3016,訾
3017,棘
3018,绯
3019,廷
3020,掐
3021,剂
3022,杖
3023,舷
3024,粥
3025,铭
3026,钝
3027,兹
3028,兮
3029,陛
3030,蔼
3031,莱
3032,嘤
3033,荧
3034,掮
3035,哺
3036,婉
3037,琼
3038,瑶
3039,挠
3040,邱
3041,佑
3042,秽
3043,眨
3044,漠
3045,霖
3046,赡
3047,髦
3048,鳖
3049,畴
3050,譬
3051,玮
3052,苟
3053,狭
3054,昊
3055,吻
3056,甘
3057,契
3058,拇
3059,妓
3060,碧
3061,郗
3062,擞
3063,腹
3064,屯
3065,郡
3066,莓
3067,樊
3068,锐
3069,辐
3070,汹
3071,螃
3072,寂
3073,诛
3074,鸦
3075,匾
3076,懈
3077,蔫
3078,砣
3079,厄
3080,饵
3081,猥
3082,啾
3083,囤
3084,祟
3085,袱
3086,畚
3087,惰
3088,钮
3089,禀
3090,蝉
3091,札
3092,蜥
3093,喽
3094,徨
3095,跺
3096,钺
3097,餮
3098,啪
3099,吏
3100,妊
3101,睫
3102,骏
3103,铅
3104,肋
3105,璨
3106,奎
3107,痪
3108,氮
3109,腈
3110,洽
3111,攸
3112,恕
3113,眶
3114,咀
3115,拮
3116,穗
3117,莆
3118,侥
3119,筲
3120,矗
3121,渺
3122,擀
3123,叱
3124,帛
3125,阎
3126,磷
3127,薹
3128,啸
3129,诅
3130,陡
3131,呷
3132,宙
3133,荔
3134,颀
3135,拭
3136,渭
3137,哼
3138,纺
3139,恺
3140,?
3141,倩
3142,牒
3143,淑
3144,缜
3145,馁
3146,烨
3147,淳
3148,婧
3149,锉
3150,圃
3151,漱
3152,巯
3153,缤
3154,矍
3155,踊
3156,遐
3157,扼
3158,沥
3159,眯
3160,唰
3161,寰
3162,闽
3163,忖
3164,醛
3165,耦
3166,邝
3167,侮
3168,圻
3169,徙
3170,邴
3171,菇
3172,蛆
3173,隧
3174,剁
3175,诶
3176,鸨
3177,埔
3178,肪
3179,嚎
3180,曰
3181,槟
3182,唇
3183,拴
3184,榴
3185,趸
3186,婵
3187,熄
3188,毋
3189,镂
3190,煲
3191,掷
3192,舁
3193,垢
3194,谊
3195,嗨
3196,樽
3197,腆
3198,嗲
3199,滁
3200,鹕
3201,羹
3202,鲨
3203,蝮
3204,奠
3205,蜈
3206,狸
3207,矫
3208,禧
3209,睑
3210,酪
3211,槐
3212,莅
3213,锄
3214,绅
3215,摒
3216,彷
3217,暇
3218,橙
3219,畜
3220,琵
3221,咯
3222,疱
3223,颊
3224,汶
3225,侍
3226,恍
3227,瑰
3228,辙
3229,烹
3230,腮
3231,孬
3232,锌
3233,皋
3234,亨
3235,崛
3236,镝
3237,沌
3238,冶
3239,濡
3240,讷
3241,缅
3242,煜
3243,蝶
3244,啷
3245,炯
3246,泓
3247,遴
3248,疹
3249,胚
3250,嘈
3251,缇
3252,呦
3253,蓬
3254,仑
3255,尉
3256,鼾
3257,渲
3258,铬
3259,惘
3260,颌
3261,铐
3262,稷
3263,惭
3264,漳
3265,巫
3266,骥
3267,咆
3268,宕
3269,蕴
3270,溶
3271,鹦
3272,阂
3273,娴
3274,犷
3275,淮
3276,楫
3277,氰
3278,眸
3279,艘
3280,竖
3281,吒
3282,黛
3283,滦
3284,铝
3285,绷
3286,惫
3287,牦
3288,茧
3289,昝
3290,厥
3291,蹬
3292,铠
3293,瀚
3294,咕
3295,氙
3296,燎
3297,掣
3298,剔
3299,玫
3300,迸
3301,劾
3302,佗
3303,锏
3304,禄
3305,棱
3306,缮
3307,庚
3308,烬
3309,枭
3310,蜒
3311,饷
3312,篪
3313,颞
3314,烷
3315,瞰
3316,笆
3317,茵
3318,拂
3319,茎
3320,渗
3321,妃
3322,囱
3323,渝
3324,捣
3325,靓
3326,斐
3327,岖
3328,颧
3329,恭
3330,楹
3331,蔑
3332,璞
3333,惬
3334,啕
3335,嘱
3336,膝
3337,睦
3338,棕
3339,琶
3340,桨
3341,涤
3342,驯
3343,铵
3344,赁
3345,唾
3346,钩
3347,枞
3348,躬
3349,藻
3350,裳
3351,辜
3352,谶
3353,拗
3354,蹶
3355,瞳
3356,绽
3357,肆
3358,睾
3359,怯
3360,烽
3361,潦
3362,沼
3363,沓
3364,弩
3365,呻
3366,噼
3367,迥
3368,晔
3369,栾
3370,萎
3371,铿
3372,榄
3373,汨
3374,酮
3375,苛
3376,钦
3377,涸
3378,窦
3379,偕
3380,椟
3381,狐
3382,鹈
3383,瞠
3384,旬
3385,穴
3386,媚
3387,蚌
3388,耒
3389,簸
3390,宸
3391,锚
3392,馨
3393,隅
3394,嬉
3395,蝎
3396,炊
3397,凸
3398,卤
3399,梵
3400,诹
3401,靥
3402,蚣
3403,酩
3404,蛛
3405,鼬
3406,鄢
3407,昵
3408,厮
3409,咧
3410,镐
3411,唬
3412,鳏
3413,煨
3414,浊
3415,钍
3416,靖
3417,郊
3418,赐
3419,咒
3420,啖
3421,幢
3422,荤
3423,蜗
3424,僚
3425,橄
3426,潍
3427,嫣
3428,馋
3429,绮
3430,麟
3431,殓
3432,黍
3433,螺
3434,瞅
3435,浜
3436,啬
3437,丫
3438,擂
3439,畸
3440,芒
3441,眺
3442,诡
3443,浃
3444,褪
3445,吟
3446,帧
3447,敕
3448,怅
3449,栈
3450,缸
3451,诬
3452,遁
3453,埠
3454,憔
3455,鈩
3456,湍
3457,衅
3458,阑
3459,茜
3460,淼
3461,诟
3462,隍
3463,匍
3464,鹜
3465,拣
3466,畏
3467,琍
3468,矶
3469,顷
3470,讶
3471,嗡
3472,偎
3473,闩
3474,蛤
3475,晋
3476,蜇
3477,昼
3478,沐
3479,鄂
3480,坯
3481,竭
3482,毯
3483,璐
3484,愚
3485,笛
3486,搅
3487,跆
3488,孚
3489,哩
3490,坨
3491,靳
3492,鞠
3493,汕
3494,钼
3495,舶
3496,旷
3497,彪
3498,噪
3499,鳞
3500,沱
3501,铂
3502,痹
3503,逾
3504,咏
3505,骰
3506,淅
3507,韵
3508,慷
3509,璀
3510,宪
3511,铤
3512,瀑
3513,狡
3514,瞻
3515,匝
3516,酝
3517,狄
3518,珀
3519,覃
3520,羁
3521,渍
3522,薯
3523,帚
3524,怵
3525,拄
3526,撅
3527,惶
3528,炳
3529,颓
3530,锵
3531,粱
3532,虱
3533,嘀
3534,鹅
3535,璜
3536,挚
3537,垣
3538,悴
3539,蜿
3540,滕
3541,寿
3542,荼
3543,饪
3544,箔
3545,痍
3546,腼
3547,鹉
3548,帆
3549,蜡
3550,渊
3551,滔
3552,漩
3553,碌
3554,哮
3555,懿
3556,仵
3557,坂
3558,怄
3559,牺
3560,斋
3561,阪
3562,旱
3563,髌
3564,抨
3565,氟
3566,蚊
3567,揩
3568,娼
3569,碛
3570,矣
3571,佾
3572,枫
3573,矾
3574,璇
3575,妤
3576,弈
3577,吮
3578,讴
3579,掺
3580,窿
3581,泔
3582,敛
3583,橘
3584,碘
3585,俪
3586,怩
3587,妁
3588,瓮
3589,哗
3590,蜘
3591,拷
3592,裔
3593,谙
3594,咫
3595,诠
3596,袄
3597,弧
3598,铄
3599,缆
3600,搪
3601,粤
3602,钕
3603,饕
3604,沸
3605,倦
3606,鞅
3607,蔓
3608,忸
3609,豚
3610,铳
3611,蹴
3612,伽
3613,斧
3614,獾
3615,塾
3616,恙
3617,氚
3618,梆
3619,黏
3620,蔻
3621,痼
3622,瓢
3623,匐
3624,禽
3625,潢
3626,裆
3627,瘴
3628,澧
3629,澜
3630,菏
3631,稚
3632,樋
3633,耽
3634,醚
3635,挟
3636,姹
3637,蔚
3638,跤
3639,迄
3640,衬
3641,燮
3642,崭
3643,痴
3644,愫
